<?xml version='1.0' encoding='utf-8'?>
<Navio ID="40"><Nome>Navio h</Nome><Rastreamento><PontoDeDados Timestamp="2022-01-11T14:17:23Z"><Latitude>13.0833</Latitude><Longitude>100.9167</Longitude><Velocidade>24</Velocidade><Direcao>3.069008609469779</Direcao><Status>Ancorado</Status></PontoDeDados><PontoDeDados Timestamp="2022-01-11T20:17:23Z"><Latitude>13.0833</Latitude><Longitude>100.9167</Longitude><Velocidade>24</Velocidade><Direcao>3.069008609469779</Direcao><Status>Ancorado</Status></PontoDeDados></Rastreamento></Navio>