<?xml version='1.0' encoding='utf-8'?>
<Navio ID="38"><Nome>Navio f</Nome><Rastreamento><PontoDeDados Timestamp="2021-09-12T14:17:23Z"><Latitude>3.0</Latitude><Longitude>101.4</Longitude><Velocidade>14</Velocidade><Direcao>37.046664015399635</Direcao><Status>Ancorado</Status></PontoDeDados><PontoDeDados Timestamp="2021-09-12T20:17:23Z"><Latitude>3.0</Latitude><Longitude>101.4</Longitude><Velocidade>14</Velocidade><Direcao>37.046664015399635</Direcao><Status>Ancorado</Status></PontoDeDados><PontoDeDados Timestamp="2021-09-13T02:17:23Z"><Latitude>3.0</Latitude><Longitude>101.4</Longitude><Velocidade>14</Velocidade><Direcao>37.046664015399635</Direcao><Status>Ancorado</Status></PontoDeDados></Rastreamento></Navio>