<?xml version='1.0' encoding='utf-8'?>
<Navio ID="41"><Nome>Navio i</Nome><Rastreamento><PontoDeDados Timestamp="2021-11-18T14:17:23Z"><Latitude>1.3592</Latitude><Longitude>103.5528</Longitude><Velocidade>15</Velocidade><Direcao>40.045282821974354</Direcao><Status>Ancorado</Status></PontoDeDados><PontoDeDados Timestamp="2021-11-18T20:17:23Z"><Latitude>1.3592</Latitude><Longitude>103.5528</Longitude><Velocidade>15</Velocidade><Direcao>40.045282821974354</Direcao><Status>Ancorado</Status></PontoDeDados></Rastreamento></Navio>