<?xml version='1.0' encoding='utf-8'?>
<Navio ID="49"><Nome>Navio q</Nome><Rastreamento><PontoDeDados Timestamp="2022-04-28T14:17:23Z"><Latitude>35.1017</Latitude><Longitude>129.0301</Longitude><Velocidade>17</Velocidade><Direcao>144.9095286534069</Direcao><Status>Ancorado</Status></PontoDeDados><PontoDeDados Timestamp="2022-04-28T20:17:23Z"><Latitude>35.1017</Latitude><Longitude>129.0301</Longitude><Velocidade>17</Velocidade><Direcao>144.9095286534069</Direcao><Status>Ancorado</Status></PontoDeDados></Rastreamento></Navio>