<?xml version='1.0' encoding='utf-8'?>
<Navio ID="36"><Nome>Navio d</Nome><Rastreamento><PontoDeDados Timestamp="2021-09-24T14:17:23Z"><Latitude>33.7701</Latitude><Longitude>-118.1937</Longitude><Velocidade>14</Velocidade><Direcao>301.2550623901682</Direcao><Status>Ancorado</Status></PontoDeDados><PontoDeDados Timestamp="2021-09-24T20:17:23Z"><Latitude>33.7701</Latitude><Longitude>-118.1937</Longitude><Velocidade>14</Velocidade><Direcao>301.2550623901682</Direcao><Status>Ancorado</Status></PontoDeDados><PontoDeDados Timestamp="2021-09-25T02:17:23Z"><Latitude>33.7701</Latitude><Longitude>-118.1937</Longitude><Velocidade>14</Velocidade><Direcao>301.2550623901682</Direcao><Status>Ancorado</Status></PontoDeDados></Rastreamento></Navio>