<?xml version='1.0' encoding='utf-8'?>
<Navio ID="37"><Nome>Navio e</Nome><Rastreamento><PontoDeDados Timestamp="2022-02-18T14:17:23Z"><Latitude>53.0793</Latitude><Longitude>8.8017</Longitude><Velocidade>18</Velocidade><Direcao>270.1630562246215</Direcao><Status>Ancorado</Status></PontoDeDados><PontoDeDados Timestamp="2022-02-18T20:17:23Z"><Latitude>53.0793</Latitude><Longitude>8.8017</Longitude><Velocidade>18</Velocidade><Direcao>270.1630562246215</Direcao><Status>Ancorado</Status></PontoDeDados></Rastreamento></Navio>