<?xml version='1.0' encoding='utf-8'?>
<Navio ID="1"><Nome>Navio A</Nome><Rastreamento><PontoDeDados Timestamp="2021-12-12T14:17:23Z"><Latitude>29.8683</Latitude><Longitude>122.0267</Longitude><Velocidade>16</Velocidade><Direcao>256.442890460363</Direcao><Status>Ancorado</Status></PontoDeDados><PontoDeDados Timestamp="2021-12-12T20:17:23Z"><Latitude>29.8683</Latitude><Longitude>122.0267</Longitude><Velocidade>16</Velocidade><Direcao>256.442890460363</Direcao><Status>Ancorado</Status></PontoDeDados></Rastreamento></Navio>