<?xml version='1.0' encoding='utf-8'?>
<Navio ID="43"><Nome>Navio k</Nome><Rastreamento><PontoDeDados Timestamp="2022-01-09T14:17:23Z"><Latitude>40.6413</Latitude><Longitude>-74.0744</Longitude><Velocidade>15</Velocidade><Direcao>171.66386569676234</Direcao><Status>Ancorado</Status></PontoDeDados><PontoDeDados Timestamp="2022-01-09T20:17:23Z"><Latitude>40.6413</Latitude><Longitude>-74.0744</Longitude><Velocidade>15</Velocidade><Direcao>171.66386569676234</Direcao><Status>Ancorado</Status></PontoDeDados></Rastreamento></Navio>