<?xml version='1.0' encoding='utf-8'?>
<Navio ID="5"><Nome>Navio E</Nome><Rastreamento><PontoDeDados Timestamp="2021-09-01T14:17:23Z"><Latitude>25.0257</Latitude><Longitude>55.1319</Longitude><Velocidade>18</Velocidade><Direcao>178.17609102455702</Direcao><Status>Ancorado</Status></PontoDeDados><PontoDeDados Timestamp="2021-09-01T20:17:23Z"><Latitude>25.0257</Latitude><Longitude>55.1319</Longitude><Velocidade>18</Velocidade><Direcao>178.17609102455702</Direcao><Status>Ancorado</Status></PontoDeDados><PontoDeDados Timestamp="2021-09-02T02:17:23Z"><Latitude>25.0257</Latitude><Longitude>55.1319</Longitude><Velocidade>18</Velocidade><Direcao>178.17609102455702</Direcao><Status>Ancorado</Status></PontoDeDados></Rastreamento></Navio>