<?xml version='1.0' encoding='utf-8'?>
<Navio ID="8"><Nome>Navio H</Nome><Rastreamento><PontoDeDados Timestamp="2022-02-13T14:17:23Z"><Latitude>-23.9622</Latitude><Longitude>-46.3344</Longitude><Velocidade>24</Velocidade><Direcao>212.62962366642907</Direcao><Status>Ancorado</Status></PontoDeDados><PontoDeDados Timestamp="2022-02-13T20:17:23Z"><Latitude>-23.9622</Latitude><Longitude>-46.3344</Longitude><Velocidade>24</Velocidade><Direcao>212.62962366642907</Direcao><Status>Ancorado</Status></PontoDeDados><PontoDeDados Timestamp="2022-02-14T02:17:23Z"><Latitude>-23.9622</Latitude><Longitude>-46.3344</Longitude><Velocidade>24</Velocidade><Direcao>212.62962366642907</Direcao><Status>Ancorado</Status></PontoDeDados></Rastreamento></Navio>