<?xml version='1.0' encoding='utf-8'?>
<Navio ID="31"><Nome>Navio _</Nome><Rastreamento><PontoDeDados Timestamp="2022-02-16T14:17:23Z"><Latitude>53.5511</Latitude><Longitude>9.9937</Longitude><Velocidade>15</Velocidade><Direcao>4.248018626663144</Direcao><Status>Ancorado</Status></PontoDeDados><PontoDeDados Timestamp="2022-02-16T20:17:23Z"><Latitude>53.5511</Latitude><Longitude>9.9937</Longitude><Velocidade>15</Velocidade><Direcao>4.248018626663144</Direcao><Status>Ancorado</Status></PontoDeDados></Rastreamento></Navio>