<?xml version='1.0' encoding='utf-8'?>
<Navio ID="39"><Nome>Navio g</Nome><Rastreamento><PontoDeDados Timestamp="2021-09-28T14:17:23Z"><Latitude>40.6413</Latitude><Longitude>-74.0744</Longitude><Velocidade>18</Velocidade><Direcao>224.009167040835</Direcao><Status>Ancorado</Status></PontoDeDados><PontoDeDados Timestamp="2021-09-28T20:17:23Z"><Latitude>40.6413</Latitude><Longitude>-74.0744</Longitude><Velocidade>18</Velocidade><Direcao>224.009167040835</Direcao><Status>Ancorado</Status></PontoDeDados></Rastreamento></Navio>