<?xml version='1.0' encoding='utf-8'?>
<Navio ID="24"><Nome>Navio X</Nome><Rastreamento><PontoDeDados Timestamp="2022-04-16T14:17:23Z"><Latitude>35.835</Latitude><Longitude>14.545</Longitude><Velocidade>15</Velocidade><Direcao>179.12811058889292</Direcao><Status>Ancorado</Status></PontoDeDados><PontoDeDados Timestamp="2022-04-16T20:17:23Z"><Latitude>35.835</Latitude><Longitude>14.545</Longitude><Velocidade>15</Velocidade><Direcao>179.12811058889292</Direcao><Status>Ancorado</Status></PontoDeDados></Rastreamento></Navio>