<?xml version='1.0' encoding='utf-8'?>
<Navio ID="18"><Nome>Navio R</Nome><Rastreamento><PontoDeDados Timestamp="2021-09-03T14:17:23Z"><Latitude>49.2827</Latitude><Longitude>-123.1207</Longitude><Velocidade>17</Velocidade><Direcao>55.91560893447069</Direcao><Status>Ancorado</Status></PontoDeDados><PontoDeDados Timestamp="2021-09-03T20:17:23Z"><Latitude>49.2827</Latitude><Longitude>-123.1207</Longitude><Velocidade>17</Velocidade><Direcao>55.91560893447069</Direcao><Status>Ancorado</Status></PontoDeDados><PontoDeDados Timestamp="2021-09-04T02:17:23Z"><Latitude>49.2827</Latitude><Longitude>-123.1207</Longitude><Velocidade>17</Velocidade><Direcao>55.91560893447069</Direcao><Status>Ancorado</Status></PontoDeDados></Rastreamento></Navio>