<?xml version='1.0' encoding='utf-8'?>
<Navio ID="48"><Nome>Navio p</Nome><Rastreamento><PontoDeDados Timestamp="2021-07-23T14:17:23Z"><Latitude>51.2194</Latitude><Longitude>4.4025</Longitude><Velocidade>16</Velocidade><Direcao>351.57731795051427</Direcao><Status>Ancorado</Status></PontoDeDados><PontoDeDados Timestamp="2021-07-23T20:17:23Z"><Latitude>51.2194</Latitude><Longitude>4.4025</Longitude><Velocidade>16</Velocidade><Direcao>351.57731795051427</Direcao><Status>Ancorado</Status></PontoDeDados></Rastreamento></Navio>