<?xml version='1.0' encoding='utf-8'?>
<Navio ID="16"><Nome>Navio P</Nome><Rastreamento><PontoDeDados Timestamp="2021-10-02T14:17:23Z"><Latitude>9.3416</Latitude><Longitude>-79.9061</Longitude><Velocidade>24</Velocidade><Direcao>226.9189986582472</Direcao><Status>Ancorado</Status></PontoDeDados><PontoDeDados Timestamp="2021-10-02T20:17:23Z"><Latitude>9.3416</Latitude><Longitude>-79.9061</Longitude><Velocidade>24</Velocidade><Direcao>226.9189986582472</Direcao><Status>Ancorado</Status></PontoDeDados></Rastreamento></Navio>