ID_Porto,Nome_Porto,Pais,Tipo_Carga,Latitude,Longitude,filename,navio_id,nome,timestamp,latitude,longitude,velocidade,direcao,status
1,Xangai,China,Contêineres,31.2304,121.4737,navio_4.xml,4,Navio D,2021-09-25T14:17:23Z,31.2304,121.4737,16.0,339.88486089409554,Ancorado
1,Xangai,China,Contêineres,31.2304,121.4737,navio_4.xml,4,Navio D,2021-09-25T20:17:23Z,31.2304,121.4737,16.0,339.88486089409554,Ancorado
2,Singapura,Singapura,Contêineres,1.3521,103.8198,navio_9.xml,9,Navio I,2022-04-22T14:17:23Z,1.3521,103.8198,16.0,354.26341697797903,Ancorado
2,Singapura,Singapura,Contêineres,1.3521,103.8198,navio_9.xml,9,Navio I,2022-04-22T20:17:23Z,1.3521,103.8198,16.0,354.26341697797903,Ancorado
3,Ningbo-Zhoushan,China,Contêineres,29.8683,122.0267,navio_1.xml,1,Navio A,2021-12-12T14:17:23Z,29.8683,122.0267,16.0,256.442890460363,Ancorado
3,Ningbo-Zhoushan,China,Contêineres,29.8683,122.0267,navio_1.xml,1,Navio A,2021-12-12T20:17:23Z,29.8683,122.0267,16.0,256.442890460363,Ancorado
3,Ningbo-Zhoushan,China,Contêineres,29.8683,122.0267,navio_15.xml,15,Navio O,2021-07-22T14:17:23Z,29.8683,122.0267,14.0,124.64916744804364,Ancorado
3,Ningbo-Zhoushan,China,Contêineres,29.8683,122.0267,navio_15.xml,15,Navio O,2021-07-22T20:17:23Z,29.8683,122.0267,14.0,124.64916744804364,Ancorado
3,Ningbo-Zhoushan,China,Contêineres,29.8683,122.0267,navio_23.xml,23,Navio W,2022-05-27T14:17:23Z,29.8683,122.0267,18.0,24.36891308170281,Ancorado
3,Ningbo-Zhoushan,China,Contêineres,29.8683,122.0267,navio_23.xml,23,Navio W,2022-05-27T20:17:23Z,29.8683,122.0267,18.0,24.36891308170281,Ancorado
5,Busan,Coreia do Sul,Contêineres,35.1017,129.0301,navio_12.xml,12,Navio L,2021-10-15T14:17:23Z,35.1017,129.0301,18.0,227.07623319818185,Ancorado
5,Busan,Coreia do Sul,Contêineres,35.1017,129.0301,navio_12.xml,12,Navio L,2021-10-15T20:17:23Z,35.1017,129.0301,18.0,227.07623319818185,Ancorado
5,Busan,Coreia do Sul,Contêineres,35.1017,129.0301,navio_49.xml,49,Navio q,2022-04-28T14:17:23Z,35.1017,129.0301,17.0,144.9095286534069,Ancorado
5,Busan,Coreia do Sul,Contêineres,35.1017,129.0301,navio_49.xml,49,Navio q,2022-04-28T20:17:23Z,35.1017,129.0301,17.0,144.9095286534069,Ancorado
6,Hong Kong,China,Contêineres,22.3193,114.1694,navio_30.xml,30,Navio ^,2021-10-28T14:17:23Z,22.3193,114.1694,16.0,26.79531671724531,Ancorado
6,Hong Kong,China,Contêineres,22.3193,114.1694,navio_30.xml,30,Navio ^,2021-10-28T20:17:23Z,22.3193,114.1694,16.0,26.79531671724531,Ancorado
6,Hong Kong,China,Contêineres,22.3193,114.1694,navio_30.xml,30,Navio ^,2021-10-29T02:17:23Z,22.3193,114.1694,16.0,26.79531671724531,Ancorado
6,Hong Kong,China,Contêineres,22.3193,114.1694,navio_42.xml,42,Navio j,2021-07-17T14:17:23Z,22.3193,114.1694,17.0,251.21411733127545,Ancorado
6,Hong Kong,China,Contêineres,22.3193,114.1694,navio_42.xml,42,Navio j,2021-07-17T20:17:23Z,22.3193,114.1694,17.0,251.21411733127545,Ancorado
7,Qingdao,China,Contêineres,23.1291,113.2644,navio_21.xml,21,Navio U,2022-03-21T14:17:23Z,23.1291,113.2644,15.0,135.90442508957972,Ancorado
7,Qingdao,China,Contêineres,23.1291,113.2644,navio_21.xml,21,Navio U,2022-03-21T20:17:23Z,23.1291,113.2644,15.0,135.90442508957972,Ancorado
8,Guangzhou,China,Contêineres,36.0671,120.3826,navio_14.xml,14,Navio N,2021-08-20T14:17:23Z,36.0671,120.3826,14.0,245.6987512693284,Ancorado
8,Guangzhou,China,Contêineres,36.0671,120.3826,navio_14.xml,14,Navio N,2021-08-20T20:17:23Z,36.0671,120.3826,14.0,245.6987512693284,Ancorado
8,Guangzhou,China,Contêineres,36.0671,120.3826,navio_27.xml,27,Navio [,2022-01-18T14:17:23Z,36.0671,120.3826,18.0,179.43528531549416,Ancorado
8,Guangzhou,China,Contêineres,36.0671,120.3826,navio_27.xml,27,Navio [,2022-01-18T20:17:23Z,36.0671,120.3826,18.0,179.43528531549416,Ancorado
9,Tianjin,China,Contêineres,39.0842,117.2009,navio_28.xml,28,Navio \,2022-05-22T14:17:23Z,39.0842,117.2009,17.0,216.15788120961187,Ancorado
9,Tianjin,China,Contêineres,39.0842,117.2009,navio_28.xml,28,Navio \,2022-05-22T20:17:23Z,39.0842,117.2009,17.0,216.15788120961187,Ancorado
