ID_Porto,Nome_Porto,Pais,Tipo_Carga,Latitude,Longitude
1,Xangai,China,Containeres,31.2304,121.4737
2,Singapura,Singapura,Containeres,1.3521,103.8198
3,Ningbo-Zhoushan,China,Containeres,29.8683,122.0267
4,Shenzhen,China,Containeres,22.5431,114.0579
5,Busan,Coreia do Sul,Containeres,35.1017,129.0301
6,Hong Kong,China,Containeres,22.3193,114.1694
7,Qingdao,China,Containeres,23.1291,113.2644
8,Guangzhou,China,Containeres,36.0671,120.3826
9,Tianjin,China,Containeres,39.0842,117.2009
10,Roterda,Holanda,Containeres,51.9244,4.4777
